radius_m,depth_km,region,rho_kg_m3,vp_m_s,vs_m_s,kappa_Pa,mu_Pa,g_m_s2
0.000000,6371.000000,0,13088.5,11262.2,3667.8,1425339478725.22,176076407900.34,0
93961.538462,6277.038462,0,13086.577599198,11260.8157478752,3666.83261135685,1424845928518.71,175957691279.847,0.343792228282839
187923.076923,6183.076923,0,13080.8103967919,11256.6629915008,3663.9304454274,1423365883796.51,175601852000.399,0.687402657816133
281884.615385,6089.115385,0,13071.1983927817,11249.7417308769,3659.09350221164,1420901161788.1,175009821160.431,1.03064948985034
375846.153846,5995.153846,0,13057.7415871675,11240.0519660033,3652.32178170958,1417454789667.42,174183148431.793,1.37335092563591
469807.692308,5901.192308,0,13040.4399799492,11227.5936968802,3643.61528392122,1413031002240.13,173123998821.44,1.7153251664233
563769.230769,5807.230769,0,13019.2935711269,11212.3669235075,3632.97400884655,1407635238705.71,171835148137.802,2.05639041346297
657730.769231,5713.269231,0,12994.3023607005,11194.3716458852,3620.39795648559,1401274138494.55,170319977161.819,2.39636486800537
751692.307692,5619.307692,0,12965.46634867,11173.6078640133,3605.88712683832,1393955536179.79,168582464522.668,2.73506673130095
845653.846154,5525.346154,0,12932.7855350354,11150.0755778918,3589.44151990475,1385688455464.23,166627178278.15,3.07231420460018
939615.384615,5431.384615,0,12896.2599197968,11123.7747875207,3571.06113568487,1376483102241.97,164459266199.763,3.4079254891535
1033576.923077,5337.423077,0,12855.8895029542,11094.7054929001,3550.74597417869,1366350856735.06,162084444762.448,3.74171878621138
1127538.461538,5243.461538,0,12811.6742845075,11062.8676940299,3528.49603538621,1355304264704.97,159508986839.011,4.07351229702427
1221500.000000,5149.500000,0,12763.6142644567,11028.2613909101,3504.31131930743,1343357027739.05,156739708099.221,4.40312422284261
1221500.000000,5149.500000,1,12166.3318546529,10355.7157980277,0,1304727765697.65,0,4.40312422284261
1319695.652174,5051.304348,1,12114.287452594,10298.0544909936,0,1284719291518.23,0,4.69952294619163
1417891.304348,4953.108696,1,12058.8802347781,10238.6673736016,0,1264136148287.4,0,4.9991904120377
1516086.956522,4854.913043,1,11999.9887557961,10177.2562597068,0,1242917375073.11,0,5.30048962915196
1614282.608696,4756.717391,1,11937.4915702388,10113.5229631644,0,1221006589322.85,0,5.60220656450909
1712478.260870,4658.521739,1,11871.267232697,10047.1692978295,0,1198352322952.83,0,5.90340676629151
1810673.913043,4560.326087,1,11801.1942977617,9977.89707755725,0,1174908377476.06,0,6.20334485678195
1908869.565217,4462.130435,1,11727.1513200237,9905.40811620277,0,1150634195449.88,0,6.50140573371721
2007065.217391,4363.934783,1,11649.0168540738,9829.40422762121,0,1125495245230.98,0,6.79706539168657
2105260.869565,4265.739130,1,11566.669454503,9749.58722566771,0,1099463415716.36,0,7.08986422310277
2203456.521739,4167.543478,1,11479.9876759019,9665.6589241974,0,1072517417420.37,0,7.37938845415292
2301652.173913,4069.347826,1,11388.8500728616,9577.32113706542,0,1044643185891.7,0,7.66525700151892
2399847.826087,3971.152174,1,11293.1351999729,9484.27567812691,0,1015834283109.8,0,7.94711201352679
2498043.478261,3872.956522,1,11192.7216118265,9386.22436123701,0,986092292117.539,0,8.22461196091624
2596239.130435,3774.760870,1,11087.4878630134,9282.86900025085,0,955427199746.394,0,8.49742652101438
2694434.782609,3676.565217,1,10977.3125081245,9173.91140902358,0,923857761871.365,0,8.76523274238124
2792630.434783,3578.369565,1,10862.0741017505,9059.05340141033,0,891411845196.054,0,9.0277121363242
2890826.086957,3480.173913,1,10741.6511984824,8937.99679126623,0,858126739113.025,0,9.28454844785682
2989021.739130,3381.978261,1,10615.9223529109,8810.44339244644,0,824049430711.41,0,9.53542593057731
3087217.391304,3283.782609,1,10484.766119627,8676.09501880608,0,789236835512.247,0,9.78002799935435
3185413.043478,3185.586957,1,10348.0610532215,8534.6534842003,0,753755976002.502,0,10.0180361691349
3283608.695652,3087.391304,1,10205.6857082853,8385.82060248423,0,717684099511.03,0,10.2491292124808
3381804.347826,2989.195652,1,10057.5186394091,8229.298187513,0,681108726423.866,0,10.4729824857873
3480000.000000,2891.000000,1,9903.43840118396,8064.78805314177,0,644127619172.304,0,10.6892673866605
3480000.000000,2891.000000,2,5568.86356575668,13713.6562382224,7263.07971432839,655610788427.588,293770511486.61,10.6892673866605
3490000.000000,2881.000000,2,5563.81151901027,13711.2467104141,7263.20785291339,654634550341.781,293514360620.935,10.6746507718797
3500000.000000,2871.000000,2,5558.76797344898,13708.8361549551,7263.32963835506,653660596388.385,293258126600.578,10.6602502448993
3510000.000000,2861.000000,2,5553.73282187937,13706.424540075,7263.44510550883,652688902143.947,293001807997.596,10.64606317645
3520000.000000,2851.000000,2,5548.7059584716,13704.011832424,7263.55428842192,651719443258.566,292745403376.879,10.6320869742688
3530000.000000,2841.000000,2,5543.6872787361,13701.5979970944,7263.65722034385,650752195455.62,292488911296.179,10.6183190824725
3540000.000000,2831.000000,2,5538.67667950235,13699.1829976404,7263.75393373565,649787134531.476,292232330306.129,10.6047569809434
3550000.000000,2821.000000,2,5533.67405889814,13696.7667960971,7263.84446027885,648824236355.226,291975658950.267,10.5913981847259
3560000.000000,2811.000000,2,5528.6793163292,13694.3493529995,7263.92883088427,647863476868.403,291718895765.061,10.578240243437
3570000.000000,2801.000000,2,5523.69235245925,13691.9306274002,7264.00707570072,646904832084.724,291462039279.93,10.5652807406863
3580000.000000,2791.000000,2,5518.71306919032,13689.5105768883,7264.07922412345,645948278089.817,291205088017.267,10.5525172935083
3590000.000000,2781.000000,2,5513.74136964347,13687.0891576064,7264.14530480258,644993791040.964,290948040492.459,10.5399475518061
3600000.000000,2771.000000,2,5508.77715813977,13684.6663242687,7264.20534565125,644041347166.841,290690895213.911,10.527569197805
3610000.000000,2761.000000,2,5503.82034018168,13682.2420301776,7264.25937385378,643090922767.266,290433650683.066,10.5153799455169
3620000.000000,2751.000000,2,5498.8708224347,13679.8162272408,7264.30741587353,642142494212.947,290176305394.424,10.5033775402157
3630000.000000,2741.000000,2,5493.92851270935,13677.3888659881,7264.34949746078,641196037945.236,289918857835.564,10.4915597579218
3630000.000000,2741.000000,3,5493.92851270921,13677.3713276577,7264.30363905048,641198282715.472,289915197445.6,10.4915597579218
3640000.000000,2731.000000,3,5488.98959168246,13665.167862644,7259.68675435754,639281084541.632,289286502623.085,10.4799243892911
3650000.000000,2721.000000,3,5484.0502166375,13652.9951459598,7255.07862301817,637371243875.831,288659376602.004,10.4684692235239
3660000.000000,2711.000000,3,5479.11033017213,13640.8525417575,7250.47902124264,635468659013.406,288033794835.381,10.4571920637859
3670000.000000,2701.000000,3,5474.16987520972,13628.7394138155,7245.88772502744,633573228907.47,287409732907.619,10.4460907426199
3680000.000000,2691.000000,3,5469.22879498844,13616.6551255512,7241.30451016188,631684853165.171,286787166533.978,10.4351631214644
3690000.000000,2681.000000,3,5464.28703305056,13604.5990400328,7236.72915223457,629803432043.994,286166071560.067,10.4244070901828
3700000.000000,2671.000000,3,5459.3445332319,13592.570519992,7232.16142663987,627928866448.153,285546423961.345,10.4138205665993
3710000.000000,2661.000000,3,5454.40123965127,13580.5689278354,7227.60110858423,626061057925.025,284928199842.63,10.4034014960455
3720000.000000,2651.000000,3,5449.45709670012,13568.5936256575,7223.04797309262,624199908661.666,284311375437.627,10.3931478509145
3730000.000000,2641.000000,3,5444.51204903218,13556.6439752514,7218.50179501473,622345321481.383,283695927108.459,10.3830576302229
3740000.000000,2631.000000,3,5439.56604155321,13544.7193381217,7213.9623490313,620497199840.366,283081831345.21,10.3731288591819
3750000.000000,2621.000000,3,5434.61901941086,13532.8190754954,7209.42940966027,618655447824.395,282469064765.48,10.3633595887758
3760000.000000,2611.000000,3,5429.67092798459,13520.9425483338,7204.90275126295,616819970145.596,281857604113.952,10.3537478953483
3770000.000000,2601.000000,3,5424.72171287564,13509.0891173439,7200.38214805017,614990672139.272,281247426261.969,10.3442918801964
3780000.000000,2591.000000,3,5419.77131989713,13497.25814299,7195.86737408832,613167459760.788,280638508207.113,10.3349896691721
3790000.000000,2581.000000,3,5414.81969506418,13485.4489855046,7191.35820330542,611350239582.522,280030827072.81,10.3258394122906
3800000.000000,2571.000000,3,5409.86678458417,13473.6610048999,7186.8544094971,609538918790.872,279424360107.931,10.3168392833468
3810000.000000,2561.000000,3,5404.91253484695,13461.8935609792,7182.35576633261,607733405183.335,278819084686.413,10.3079874795376
3820000.000000,2551.000000,3,5399.9568924153,13450.1460133474,7177.8620473607,605933607165.637,278214978306.881,10.2992822210919
3830000.000000,2541.000000,3,5394.99980401525,13438.4177214223,7173.37302601558,604139433748.925,277612018592.293,10.2907217509069
3840000.000000,2531.000000,3,5390.04121652664,13426.7080444455,7168.88847562276,602350794547.024,277010183289.578,10.2823043341909
3850000.000000,2521.000000,3,5385.08107697363,13415.0163414933,7164.40816940488,600567599773.751,276409450269.301,10.2740282581128
3860000.000000,2511.000000,3,5380.11933251534,13403.3419714874,7159.93188048756,598789760240.282,275809797525.329,10.2658918314579
3870000.000000,2501.000000,3,5375.15593043647,13391.6842932056,7155.45938190519,597017187352.595,275211203174.505,10.2578933842895
3880000.000000,2491.000000,3,5370.19081813809,13380.0426652926,7150.99044660664,595249793108.95,274613645456.34,10.2500312676165
3890000.000000,2481.000000,3,5365.22394312838,13368.4164462705,7146.52484746103,593487490097.447,274017102732.705,10.2423038530678
3900000.000000,2471.000000,3,5360.25525301349,13356.8049945493,7142.06235726347,591730191493.629,273421553487.545,10.2347095325712
3910000.000000,2461.000000,3,5355.28469548839,13345.2076684375,7137.60274874071,589977811058.146,272826976326.587,10.2272467180391
3920000.000000,2451.000000,3,5350.31221832789,13333.6238261525,7133.14579455682,588230263134.484,272233349977.073,10.2199138410585
3930000.000000,2441.000000,3,5345.33776937753,13322.0528258311,7128.69126731886,586487462646.739,271640653287.495,10.2127093525882
3940000.000000,2431.000000,3,5340.36129654471,13310.4940255395,7124.2389395825,584749325097.457,271048865227.338,10.2056317226594
3950000.000000,2421.000000,3,5335.38274778972,13298.9467832843,7119.78858385763,583015766565.523,270457964886.836,10.1986794400829
3960000.000000,2411.000000,3,5330.40207111686,13287.4104570219,7115.339972614,581286703704.114,269867931476.738,10.1918510121608
3970000.000000,2401.000000,3,5325.41921456567,13275.8844046696,7110.89287828675,579562053738.701,269278744328.082,10.1851449644031
3980000.000000,2391.000000,3,5320.43412620207,13264.3679841152,7106.44707328202,577841734465.11,268690382891.975,10.17855984025
3990000.000000,2381.000000,3,5315.44675410968,13252.8605532273,7102.00232998251,576125664247.639,268102826739.392,10.1720942007977
4000000.000000,2371.000000,3,5310.45704638103,13241.3614698657,7097.55842075301,574413762017.22,267516055560.971,10.1657466245304
4010000.000000,2361.000000,3,5305.46495110898,13229.8700918912,7093.11511794598,572705947269.653,266930049166.829,10.1595157070555
4020000.000000,2351.000000,3,5300.47041637801,13218.3857771759,7088.67219390704,571002140063.878,266344787486.38,10.1534000608445
4030000.000000,2341.000000,3,5295.47339025563,13206.907883613,7084.2294209805,569302261020.31,265760250568.167,10.1473983149775
4040000.000000,2331.000000,3,5290.47382078385,13195.4357691273,7079.7865715149,567606231319.218,265176418579.697,10.1415091148923
4050000.000000,2321.000000,3,5285.47165597056,13183.9687916847,7075.34341786851,565913972699.169,264593271807.292,10.1357311221382
4060000.000000,2311.000000,3,5280.46684378109,13172.5063093026,7070.89973241486,564225407455.518,264010790655.944,10.1300630141333
4070000.000000,2301.000000,3,5275.45933212967,13161.0476800597,7066.45528754819,562540458438.948,263428955649.179,10.1245034839261
4080000.000000,2291.000000,3,5270.44906887101,13149.5922621062,7062.00985568901,560859049054.065,262847747428.934,10.1190512399615
4090000.000000,2281.000000,3,5265.43600179184,13138.1394136733,7057.56320928957,559181103258.049,262267146755.44,10.1137050058499
4100000.000000,2271.000000,3,5260.42007860247,13126.6884930837,7053.11512083938,557506545559.344,261687134507.111,10.1084635201415
4110000.000000,2261.000000,3,5255.40124692848,13115.2388587613,7048.66536287072,555835301016.416,261107691680.448,10.1033255361025
4120000.000000,2251.000000,3,5250.37945430224,13103.7898692413,7044.2137079641,554167295236.544,260528799389.945,10.0982898214969
4130000.000000,2241.000000,3,5245.35464815464,13092.3408831798,7039.75992875385,552502454374.676,259950438868.01,10.0933551583706
4140000.000000,2231.000000,3,5240.32677580671,13080.8912593642,7035.30379793355,550840705132.324,259372591464.89,10.0885203428396
4150000.000000,2221.000000,3,5235.2957844613,13069.4403567228,7030.8450882616,549181974756.514,258795238648.606,10.0837841848819
4160000.000000,2211.000000,3,5230.26162119479,13057.9875343352,7026.38357256674,547526191038.787,258218362004.894,10.0791455081322
4170000.000000,2201.000000,3,5225.22423294876,13046.5321514416,7021.9190237536,545873282314.244,257641943237.161,10.0746031496804
4180000.000000,2191.000000,3,5220.18356652174,13035.0735674535,7017.45121480817,544223177460.642,257065964166.443,10.0701559598733
4190000.000000,2181.000000,3,5215.1395685609,13023.6111419631,7012.97991880346,542575805897.539,256490406731.373,10.0658028021196
4200000.000000,2171.000000,3,5210.09218555379,13012.1442347537,7008.50490890499,540931097585.483,255915252988.157,10.0615425526978
4210000.000000,2161.000000,3,5205.04136382008,13000.6722058095,7004.02595837638,539288983025.257,255340485110.562,10.0573741005674
4220000.000000,2151.000000,3,5199.9870495033,12989.1944153255,6999.54284058496,537649393257.161,254766085389.903,10.0532963471834
4230000.000000,2141.000000,3,5194.92918856257,12977.710223718,6995.05532900736,536012259860.346,254192036235.051,10.0493082063131
4240000.000000,2131.000000,3,5189.86772676436,12966.2189916341,6990.56319723511,534377514952.196,253618320172.437,10.0454086038564
4250000.000000,2121.000000,3,5184.80260967421,12954.7200799623,6986.06621898033,532745091187.754,253044919846.07,10.0415964776691
4260000.000000,2111.000000,3,5179.7337826485,12943.2128498421,6981.56416808131,531114921759.19,252471818017.563,10.037870777388
4270000.000000,2101.000000,3,5174.66119082617,12931.6966626747,6977.05681850825,529486940395.327,251898997566.165,10.0342304642603
4280000.000000,2091.000000,3,5169.58477912044,12920.1708801325,6972.54394436889,527861081361.192,251326441488.802,10.0306745109743
4290000.000000,2081.000000,3,5164.50449221056,12908.6348641699,6968.02531991428,526237279457.635,250754132900.125,10.0272019014937
4300000.000000,2071.000000,3,5159.42027453353,12897.0879770331,6963.50071954445,524615470020.97,250182055032.564,10.0238116308939
4310000.000000,2061.000000,3,5154.33207027578,12885.5295812704,6958.96991781424,522995588922.68,249610191236.395,10.0205027052013
4320000.000000,2051.000000,3,5149.23982336489,12873.9590397428,6954.43268943899,521377572569.152,249038524979.81,10.0172741412349
4330000.000000,2041.000000,3,5144.14347746125,12862.3757156339,6949.88880930043,519761357901.458,248467039848.995,10.0141249664503
4340000.000000,2031.000000,3,5139.04297594975,12850.7789724604,6945.33805245246,518146882395.186,247895719548.216,10.0110542187864
4350000.000000,2021.000000,3,5133.93826193144,12839.1681740827,6940.78019412703,516534084060.305,247324547899.914,10.0080609465139
4360000.000000,2011.000000,3,5128.82927821511,12827.5426847149,6936.21500974001,514922901441.076,246753508844.804,10.0051442080871
4370000.000000,2001.000000,3,5123.71596730897,12815.9018689357,6931.6422748971,513313273616.007,246182586441.987,10.0023030719967
4380000.000000,1991.000000,3,5118.59827141218,12804.2450916985,6927.06176539982,511705140197.844,245611764869.06,9.9995366166261
4390000.000000,1981.000000,3,5113.47613240647,12792.5717183425,6922.47325725143,510098441333.61,245041028422.245,9.99684393010908
4400000.000000,1971.000000,3,5108.34949184764,12780.8811146027,6917.876526663,508493117704.677,244470361516.514,9.99422411018987
4410000.000000,1961.000000,3,5103.21829095711,12769.1726466211,6913.2713500594,506889110526.889,243899748685.727,9.99167626408538
4420000.000000,1951.000000,3,5098.08247061339,12757.4456809569,6908.6575040854,505286361550.714,243329174582.778,9.98919950834954
4430000.000000,1941.000000,3,5092.94197134352,12745.6995845978,6904.03476561181,503684813061.442,242758623979.746,9.98679296873952
4440000.000000,1931.000000,3,5087.79673331453,12733.9337249702,6899.40291174161,502084407879.422,242188081768.048,9.98445578008414
4450000.000000,1921.000000,3,5082.64669632478,12722.1474699506,6894.76171981613,500485089360.338,241617532958.611,9.98218708615409
4460000.000000,1911.000000,3,5077.49179979539,12710.3401878764,6890.11096742133,498886801395.519,241046962682.038,9.97998603953417
4470000.000000,1901.000000,3,5072.33198276145,12698.5112475566,6885.45043239401,497289488412.298,240476356188.788,9.97785180149738
4480000.000000,1891.000000,3,5067.16718386341,12686.6600182831,6880.7798928282,495693095374.392,239905698849.362,9.97578354188088
4490000.000000,1881.000000,3,5061.99734133822,12674.785869842,6876.09912708144,494097567782.34,239334976154.495,9.97378043896379
4500000.000000,1871.000000,3,5056.82239301057,12662.8881725241,6871.40791378126,492502851673.961,238764173715.349,9.9718416793467
4510000.000000,1861.000000,3,5051.64227628402,12650.966297137,6866.70603183158,490908893624.86,238193277263.725,9.96996645783308
4520000.000000,1851.000000,3,5046.45692813209,12639.0196150158,6861.99326041923,489315640748.961,237622272652.27,9.96815397731224
4530000.000000,1841.000000,3,5041.26628508931,12627.0474980345,6857.2693790205,487723040699.084,237051145854.693,9.96640344864413
4540000.000000,1831.000000,3,5036.07028324223,12615.0493186179,6852.53416740772,486131041667.555,236479882965.994,9.96471409054571
4550000.000000,1821.000000,3,5030.86885822034,12603.0244497526,6847.78740565593,484539592386.849,235908470202.687,9.96308512947898
4560000.000000,1811.000000,3,5025.66194518696,12590.972264999,6843.02887414957,482948642130.271,235336893903.044,9.96151579954061
4570000.000000,1801.000000,3,5020.44947883007,12578.8921385026,6838.25835358924,481358140712.67,234765140527.332,9.96000534235313
4580000.000000,1791.000000,3,5015.23139335307,12566.7834450061,6833.47562499852,479768038491.186,234193196658.06,9.9585530069577
4590000.000000,1781.000000,3,5010.00762246549,12554.6455598609,6828.68046973081,478178286366.034,233621049000.242,9.95715804970828
4600000.000000,1771.000000,3,5004.77809937362,12542.4778590395,6823.87266947629,476588835781.316,233048684381.648,9.95581973416747
4610000.000000,1761.000000,3,4999.54275677108,12530.2797191467,6819.05200626891,474999638725.874,232476089753.074,9.95453733100362
4620000.000000,1751.000000,3,4994.30152682934,12518.0505174327,6814.2182624934,473410647734.165,231903252188.616,9.95331011788948
4630000.000000,1741.000000,3,4989.05434118812,12505.7896318043,6809.37122089241,471821815887.177,231330158885.946,9.95213737940226
4640000.000000,1731.000000,3,4983.80113094578,12493.4964408377,6804.51066457369,470233096813.374,230756797166.594,9.95101840692498
4650000.000000,1721.000000,3,4978.54182664956,12481.1703237909,6799.63637701732,468644444689.668,230183154476.24,9.94995249854926
4660000.000000,1711.000000,3,4973.27635828581,12468.8106606158,6794.74814208302,467055814242.431,229609218385.01,9.94893895897942
4670000.000000,1701.000000,3,4968.0046552701,12456.4168319709,6789.84574401752,465467160748.525,229034976587.769,9.94797709943785
4680000.000000,1691.000000,3,4962.72664643726,12443.9882192341,6784.92896746205,463878440036.374,228460416904.437,9.94706623757166
4690000.000000,1681.000000,3,4957.44226003131,12431.5242045151,6779.99759745981,462289608487.061,227885527280.292,9.94620569736069
4700000.000000,1671.000000,3,4952.15142369533,12419.0241706685,6775.05141946358,460700623035.451,227310295786.289,9.94539480902656
4710000.000000,1661.000000,3,4946.85406446123,12406.4875013065,6770.09021934342,459111441171.344,226734710619.384,9.94463290894314
4720000.000000,1651.000000,3,4941.55010873942,12393.9135808124,6765.11378339439,457522020940.666,226158760102.857,9.94391933954804
4730000.000000,1641.000000,3,4936.23948230839,12381.3017943531,6760.12189834438,455932320946.671,225582432686.647,9.94325344925538
4740000.000000,1631.000000,3,4930.92211030415,12368.6515278928,6755.11435136202,454342300351.184,225005716947.687,9.94263459236964
4750000.000000,1621.000000,3,4925.59791720967,12355.9621682062,6750.0909300647,452751918875.865,224428601590.245,9.94206212900063
4760000.000000,1611.000000,3,4920.26682684409,12343.233102892,6745.0514225266,451161136803.502,223851075446.277,9.94153542497966
4770000.000000,1601.000000,3,4914.92876235187,12330.4637203867,6739.9956172869,449569914979.329,223273127475.769,9.94105385177662
4780000.000000,1591.000000,3,4909.5836461919,12317.6534099778,6734.92330335798,447978214812.37,222694746767.101,9.94061678641829
4790000.000000,1581.000000,3,4904.23140012637,12304.8015618182,6729.83427023382,446385998276.81,222115922537.406,9.94022361140759
4800000.000000,1571.000000,3,4898.87194520958,12291.9075669397,6724.7283078984,444793227913.384,221536644132.935,9.93987371464391
4810000.000000,1561.000000,3,4893.5052017767,12278.9708172675,6719.60520683423,443199866830.805,220956901029.428,9.93956648934437
4820000.000000,1551.000000,3,4888.13108943225,12265.9907056339,6714.46475803098,441605878707.195,220376682832.486,9.93930133396616
4830000.000000,1541.000000,3,4882.74952703861,12252.9666257929,6709.30675299422,440011227791.562,219795979277.956,9.93907765212977
4840000.000000,1531.000000,3,4877.36043270429,12239.8979724348,6704.13098375423,438415878905.285,219214780232.31,9.93889485254319
4850000.000000,1521.000000,3,4871.96372377211,12226.7841412006,6698.93724287494,436819797443.622,218633075693.032,9.93875234892709
4860000.000000,1511.000000,3,4866.55931680725,12213.6245286966,6693.72532346294,435222949377.251,218050855789.015,9.93864955994078
4870000.000000,1501.000000,3,4861.14712758513,12200.4185325095,6688.49501917668,433625301253.821,217468110780.951,9.93858590910926
4880000.000000,1491.000000,3,4855.72707107918,12187.1655512212,6683.24612423564,432026820199.531,216884831061.736,9.93856082475095
4890000.000000,1481.000000,3,4850.29906144841,12173.8649844243,6677.97843342978,430427473920.727,216301007156.871,9.93857373990642
4900000.000000,1471.000000,3,4844.8630120249,12160.5162327367,6672.69174212895,428827230705.518,215716629724.871,9.93862409226787
4910000.000000,1461.000000,3,4839.41883530107,12147.1186978179,6667.38584629255,427226059425.42,215131689557.677,9.93871132410955
4920000.000000,1451.000000,3,4833.96644291682,12133.6717823838,6662.06054247919,425623929537.006,214546177581.072,9.93883488221887
4930000.000000,1441.000000,3,4828.50574564647,12120.1748902229,6656.71562785657,424020811083.583,213960084855.098,9.93899421782836
4940000.000000,1431.000000,3,4823.03665338562,12106.6274262122,6651.35090021145,422416674696.89,213373402574.481,9.93918878654846
4950000.000000,1421.000000,3,4817.55907513774,12093.0287963328,6645.96615795971,420811491598.806,212786122069.056,9.93941804830096
4960000.000000,1411.000000,3,4812.07291900063,12079.3784076866,6640.5612001566,419205233603.083,212198234804.197,9.93968146725331
4970000.000000,1401.000000,3,4806.57809215268,12065.6756685126,6635.13582650711,417597873117.088,211609732381.251,9.93997851175358
4980000.000000,1391.000000,3,4801.074500839,12051.919988203,6629.68983737643,415989383143.567,211020606537.972,9.94030865426619
4990000.000000,1381.000000,3,4795.56205035725,12038.1107773206,6624.22303380062,414379737282.427,210430849148.962,9.94067137130833
5000000.000000,1371.000000,3,4790.04064504342,12024.247447615,6618.73521749739,412768909732.521,209840452226.115,9.94106614338703
5010000.000000,1361.000000,3,4784.51018825727,12010.32941204,6613.22619087699,411156875293.468,209249407919.058,9.94149245493701
5020000.000000,1351.000000,3,4778.97058236765,11996.3560847711,6607.69575705332,409543609367.463,208657708515.605,9.94194979425907
5030000.000000,1341.000000,3,4773.42172873764,11982.3268812221,6602.14371985514,407929087961.124,208065346442.204,9.94243765345924
5040000.000000,1331.000000,3,4767.86352770934,11968.2412180636,6596.56988383747,406313287687.337,207472314264.394,9.94295552838848
5050000.000000,1321.000000,3,4762.29587858861,11954.0985132403,6590.97405429311,404696185767.116,206878604687.26,9.94350291858305
5060000.000000,1311.000000,3,4756.71867962945,11939.898185989,6585.35603726435,403077760031.482,206284210555.895,9.9440793272055
5070000.000000,1301.000000,3,4751.13182801826,11925.6396568568,6579.71563955488,401457988923.349,205689124855.858,9.94468426098619
5080000.000000,1291.000000,3,4745.53521985776,11911.3223477195,6574.05266874175,399836851499.418,205093340713.641,9.94531723016551
5090000.000000,1281.000000,3,4739.92875015075,11896.9456818005,6568.36693318769,398214327432.086,204496851397.136,9.94597774843653
5100000.000000,1271.000000,3,4734.3123127836,11882.5090836888,6562.65824205343,396590397011.365,203899650316.103,9.9466653328883
5110000.000000,1261.000000,3,4728.68580050947,11868.0119793587,6556.92640531029,394965041146.81,203301731022.642,9.94737950394972
5120000.000000,1251.000000,3,4723.0491049313,11853.4537961887,6551.17123375298,393338241369.45,202703087211.665,9.94811978533382
5130000.000000,1241.000000,3,4717.40211648452,11838.8339629811,6545.39253901251,391709979833.74,202103712721.372,9.94888570398274
5140000.000000,1231.000000,3,4711.74472441948,11824.1519099812,6539.59013356937,390080239319.507,201503601533.73,9.94967679001301
5150000.000000,1221.000000,3,4706.07681678364,11809.4070688979,6533.76383076686,388449003233.914,200902747774.947,9.95049257666153
5160000.000000,1211.000000,3,4700.39828040343,11794.5988729229,6527.91344482464,386816255613.421,200301145715.959,9.95133260023189
5170000.000000,1201.000000,3,4694.70900086586,11779.7267567518,6522.03879085252,385181981125.763,199698789772.907,9.95219640004125
5180000.000000,1191.000000,3,4689.00886249983,11764.7901566043,6516.13968486439,383546165071.922,199095674507.624,9.95308351836762
5190000.000000,1181.000000,3,4683.29774835708,11749.7885102451,6510.21594379244,381908793388.114,198491794628.119,9.95399350039766
5200000.000000,1171.000000,3,4677.57554019294,11734.7212570048,6504.26738550157,380269852647.773,197887144989.066,9.95492589417486
5210000.000000,1161.000000,3,4671.84211844662,11719.5878378015,6498.29382880405,378629330063.542,197281720592.288,9.95588025054816
5220000.000000,1151.000000,3,4666.09736222132,11704.387695162,6492.29509347437,376987213489.266,196675516587.248,9.95685612312102
5230000.000000,1141.000000,3,4660.34114926391,11689.120273244,6486.27100026435,375343491421.99,196068528271.541,9.95785306820089
5240000.000000,1131.000000,3,4654.57335594428,11673.785017858,6480.22137091854,373698153003.954,195460751091.383,9.95887064474901
5250000.000000,1121.000000,3,4648.79385723437,11658.3813764897,6474.14602818983,372051188024.596,194852180642.103,9.9599084143307
5260000.000000,1111.000000,3,4643.00252668685,11642.9087983225,6468.04479585528,370402586922.546,194242812668.637,9.96096594106594
5270000.000000,1101.000000,3,4637.1992364134,11627.3667342606,6461.9174987323,368752340787.633,193632643066.021,9.96204279158034
5280000.000000,1091.000000,3,4631.38385706261,11611.7546369523,6455.76396269499,367100441362.877,193021667879.885,9.96313853495649
5290000.000000,1081.000000,3,4625.55625779756,11596.0719608132,6449.5840146909,365446881046.492,192409883306.946,9.9642527426856
5300000.000000,1071.000000,3,4619.71630627293,11580.3181620503,6443.37748275793,363791652893.882,191797285695.508,9.96538498861954
5310000.000000,1061.000000,3,4613.86386861173,11564.4926986861,6437.14419604161,362134750619.629,191183871545.949,9.9665348489231
5320000.000000,1051.000000,3,4607.9988093817,11548.5950305827,6430.8839848126,360476168599.491,190569637511.227,9.96770190202668
5330000.000000,1041.000000,3,4602.12099157113,11532.6246194669,6424.5966804846,358815901872.383,189954580397.363,9.96888572857919
5340000.000000,1031.000000,3,4596.23027656441,11516.5809289551,6418.28211563249,357153946142.363,189338697163.949,9.97008591140126
5350000.000000,1021.000000,3,4590.32652411703,11500.4634245789,6411.94012401076,355490297780.605,188721984924.634,9.9713020354388
5360000.000000,1011.000000,3,4584.40959233017,11484.2715738106,6405.57054057239,353824953827.374,188104440947.624,9.97253368771668
5370000.000000,1001.000000,3,4578.47933762483,11468.0048460893,6399.17320148794,352157911993.988,187486062656.173,9.97378045729284
5380000.000000,991.000000,3,4572.53561471547,11451.6627128476,6392.74794416505,350489170664.778,186866847629.083,9.97504193521254
5390000.000000,981.000000,3,4566.57827658315,11435.2446475382,6386.29460726828,348818728899.035,186246793601.192,9.97631771446287
5400000.000000,971.000000,3,4560.60717444825,11418.7501256609,6379.81303073927,347146586432.953,185625898463.869,9.97760738992748
5410000.000000,961.000000,3,4554.62215774255,11402.1786247908,6373.30305581736,345472743681.562,185004160265.507,9.97891055834161
5420000.000000,951.000000,3,4548.62307408093,11385.5296246053,6366.76452506047,343797201740.648,184381577212.016,9.9802268182472
5430000.000000,941.000000,3,4542.6097692324,11368.8026069134,6360.19728236651,342119962388.666,183758147667.308,9.98155576994827
5440000.000000,931.000000,3,4536.5820870907,11351.9970556837,6353.60117299503,340441028088.638,183133870153.791,9.98289701546653
5450000.000000,921.000000,3,4530.53986964427,11335.1124570738,6346.97604358941,338760401990.046,182508743352.858,9.98425015849706
5460000.000000,911.000000,3,4524.48295694563,11318.1482994601,6340.32174219939,337078087930.701,181882766105.368,9.98561480436424
5470000.000000,901.000000,3,4518.41118708025,11301.1040734672,6333.6381183041,335394090438.61,181255937412.136,9.98699055997784
5480000.000000,891.000000,3,4512.32439613474,11283.9792719992,6326.92502283547,333708414733.824,180628256434.417,9.98837703378919
5490000.000000,881.000000,3,4506.22241816445,11266.7733902697,6320.18230820207,332021066730.266,179999722494.385,9.98977383574755
5500000.000000,871.000000,3,4500.10508516043,11249.4859258336,6313.40982831357,330332053037.554,179370335075.615,9.99118057725662
5510000.000000,861.000000,3,4493.97222701574,11232.1163786192,6306.60743860544,328641380962.798,178740093823.56,9.99259687113108
5520000.000000,851.000000,3,4487.82367149112,11214.6642509597,6299.77499606439,326949058512.384,178108998546.032,9.99402233155331
5530000.000000,841.000000,3,4481.65924417991,11197.1290476268,6292.91235925409,325255094393.742,177477049213.669,9.99545657403024
5540000.000000,831.000000,3,4475.47876847235,11179.5102758635,6286.01938834161,323559498017.09,176844245960.412,9.99689921535016
5550000.000000,821.000000,3,4469.28206551911,11161.8074454181,6279.0959451242,321862279497.165,176210589083.973,9.99834987353973
5560000.000000,811.000000,3,4463.06895419408,11144.0200685786,6272.14189305679,320163449654.927,175576079046.302,9.99980816782102
5570000.000000,801.000000,3,4456.83925105644,11126.1476602075,6265.15709727991,318463020019.248,174940716474.051,10.0012737185685
5580000.000000,791.000000,3,4450.59277031193,11108.1897377771,6258.14142464829,316761002828.574,174304502159.036,10.0027461472664
5590000.000000,781.000000,3,4444.32932377332,11090.1458214061,6251.09474375999,315057411032.57,173667437058.695,10.0042250764655
5600000.000000,771.000000,3,4438.0487208201,11072.0154338953,6244.01692498616,313352258293.734,173029522296.547,10.0057101297406
5600000.000000,771.000000,4,4438.04872082007,11072.0273020546,6244.15945752578,313342891852.704,173037421896.762,10.0057101297406
5609181.818182,761.818182,4,4432.26977204652,11043.6674295823,6217.39154648306,312126258862.807,171333632567.384,10.007078763541
5618363.636364,752.636364,4,4426.48257445008,11015.298782091,6190.62322585357,310908991802.024,169639703376.133,10.0084520024501
5627545.454545,743.454545,4,4420.68705503877,10986.9213471145,6163.85454013948,309691100339.043,167955617693.343,10.0098296075299
5636727.272727,734.272727,4,4414.88314035631,10958.5351126804,6137.0855340646,308472594281.076,166281358853.005,10.0112113409123
5645909.090909,725.090909,4,4409.07075647566,10930.1400673136,6110.3162525734,307253483573.671,164616910152.072,10.0125969657814
5655090.909091,715.909091,4,4403.24982899241,10901.7362000406,6083.54674083007,306033778300.533,162962254849.77,10.0139862463562
5664272.727273,706.727273,4,4397.4202830182,10873.3235003934,6056.77704421743,304813488683.327,161317376166.914,10.0153789478726
5673454.545455,697.545455,4,4391.58204317398,10844.9019584138,6030.00720833587,303592625081.49,159682257285.213,10.0167748365668
5682636.363636,688.363636,4,4385.73503358324,10816.4715646566,6003.23727900213,302371197992.032,158056881346.589,10.0181736796574
5691818.181818,679.181818,4,4379.87917786507,10788.0323101945,5976.4673022481,301149218049.346,156441231452.484,10.0195752453286
5701000.000000,670.000000,4,4374.01439912706,10759.5841866221,5949.69732431968,299926696024.998,154835290663.181,10.0209793027132
5701000.000000,670.000000,5,4008.08579720335,10245.7086630587,5559.10672071037,255594252366.985,123864550917.494,10.0209793027132
5711000.000000,660.000000,5,4001.78592111031,10235.3147332855,5554.12753452221,254635869008.21,123448423367.484,10.0194477122101
5721000.000000,650.000000,5,3995.48315929165,10224.922627545,5549.14999350209,253679705946.097,123033175229.072,10.0179300505046
5731000.000000,640.000000,5,3989.17750815152,10214.5323510824,5544.1741038312,252725760945.801,122618805664.803,10.0164260120132
5741000.000000,630.000000,5,3982.8689643257,10204.1439088812,5539.19987157018,251774031772.476,122205313837.221,10.0149352936556
5751000.000000,620.000000,5,3976.55752468011,10193.7573056642,5534.22730265995,250824516191.278,121792698908.871,10.0134575948308
5761000.000000,610.000000,5,3970.24318630938,10183.3725458951,5529.25640292255,249877211967.361,121380960042.296,10.0119926173929
5771000.000000,600.000000,5,3963.92594653552,10172.9896337798,5524.28717806188,248932116865.879,120970096400.042,10.0105400656272
5771000.000000,600.000000,6,3963.92594653538,10173.053720272,5524.20072930671,248942333530.558,120966310343.273,10.0105400656272
5781000.000000,590.000000,6,3957.57721261883,10113.8279213683,5490.66688461659,245737649680.352,119310753642.162,10.0090995264693
5791000.000000,580.000000,6,3950.89907116761,10055.0701593268,5457.38924821709,242560072750.329,117670011880.054,10.0076692221535
5801000.000000,570.000000,6,3938.29539628898,10003.8754393837,5428.2174902588,239409490344.809,116044020701.352,10.0062226950686
5811000.000000,560.000000,6,3925.69172045661,9952.68072509789,5399.04573569318,236285790068.113,114432715750.454,10.0047349864671
5821000.000000,550.000000,6,3913.08805505074,9901.48600210736,5369.87397673385,233188859524.564,112836032671.764,10.0032060162443
5831000.000000,540.000000,6,3900.48437968423,9850.2912962759,5340.70222741268,230118586318.482,111253907109.682,10.0016357049438
5841000.000000,530.000000,6,3887.88070672248,9799.09659199062,5311.53047926462,227074858054.188,109686274708.609,10.0000239737555
5851000.000000,520.000000,6,3875.27703068808,9747.90189620322,5282.35873606138,224057562336.005,108133071112.947,9.9983707445707
5861000.000000,510.000000,6,3862.67335933222,9696.70719920664,5253.18699254579,221066586768.252,106594231967.096,9.99667593995605
5871000.000000,500.000000,6,3850.06968868021,9645.5125060612,5224.01525146452,218101818955.252,105069692915.459,9.99493948315295
5881000.000000,490.000000,6,3837.46601416149,9594.31782253252,5194.8435159432,215163146501.326,103559389602.435,9.99316129801915
5891000.000000,480.000000,6,3824.8623411851,9543.1231418902,5165.67178233996,212250457010.794,102063257672.427,9.9913413090616
5901000.000000,470.000000,6,3812.2586692125,9491.92846486437,5136.50005105435,209363638087.979,100581232769.836,9.98947944144667
5911000.000000,460.000000,6,3799.65499897685,9440.73379060047,5107.32832162823,206502577337.201,99113250539.0618,9.98757562097408
5921000.000000,450.000000,6,3787.05132325445,9389.53912811647,5078.15659894347,203667162362.782,97659246624.5071,9.98562977404247
5931000.000000,440.000000,6,3774.44764889915,9338.34446894022,5048.9848784199,200857280769.044,96219156670.5726,9.98364182766886
5941000.000000,430.000000,6,3761.84397618104,9287.14981279945,5019.81315991491,198072820160.307,94792916321.6596,9.98161170951368
5951000.000000,420.000000,6,3749.24030363015,9235.95516156889,4990.64144444632,195313668140.892,93380461222.1693,9.97953934783969
5961000.000000,410.000000,6,3736.63662968588,9184.76051721967,4961.4697330829,192579712315.122,91981727016.5026,9.97742467149822
5971000.000000,400.000000,6,3724.03294646935,9133.5658894548,4932.29803106755,189870840287.317,90596649349.0611,9.97526760989632
5971000.000000,400.000000,7,3575.32219872194,8865.22832206143,4748.46687736457,173504509505.316,80616142142.1114,9.97526760989632
5981000.000000,390.000000,7,3567.9641050423,8847.72783949315,4742.38361680419,172316080342.043,80244234767.4893,9.97184488784284
5991000.000000,380.000000,7,3560.58826238255,8830.24871584334,4736.31304644362,171132829072.698,79873470425.8949,9.96842756570879
6001000.000000,370.000000,7,3553.19463364224,8812.79099944189,4730.25522431049,169954744776.806,79503847361.6806,9.96501525300534
6011000.000000,360.000000,7,3545.78318211507,8795.35473865708,4724.21020880556,168781816533.894,79135363819.1991,9.96160756143696
6021000.000000,350.000000,7,3538.35387149191,8777.93998190068,4718.17805870937,167614033423.489,78768018042.8028,9.95820410488085
6031000.000000,340.000000,7,3530.90666586387,8760.54677763303,4712.15883318905,166451384525.117,78401808276.8443,9.95480449936663
6041000.000000,330.000000,7,3523.44152972537,8743.17517436835,4706.15259180513,165293858918.305,78036732765.6761,9.95140836305637
6051000.000000,320.000000,7,3515.95842797719,8725.82522067998,4700.15939451849,164141445682.578,77672789753.6509,9.94801531622486
6061000.000000,310.000000,7,3508.45732592961,8708.49696520579,4694.1793016975,162994133897.463,77309977485.1209,9.94462498124014
6071000.000000,300.000000,7,3500.93818930549,8691.1904566537,4688.21237412519,161851912642.487,76948294204.439,9.94123698254442
6081000.000000,290.000000,7,3493.40098424333,8673.90574380725,4682.25867300655,160714770997.175,76587738155.9575,9.93785094663512
6091000.000000,280.000000,7,3485.84567730043,8656.64287553128,4676.31825997603,159582698041.055,76228307584.0291,9.93446650204633
6101000.000000,270.000000,7,3478.27223545598,8639.40190077773,4670.39119710507,158455682853.652,75870000733.0061,9.93108327933041
6111000.000000,260.000000,7,3470.68062611414,8622.18286859156,4664.47754690983,157333714514.493,75512815847.2413,9.92770091103994
6121000.000000,250.000000,7,3463.07081710724,8604.98582811666,4658.577372359,156216782103.104,75156751171.087,9.92431903170991
6131000.000000,240.000000,7,3455.4427766988,8587.81082860206,4652.69073688178,155104874699.012,74801804948.8959,9.92093727784014
6141000.000000,230.000000,7,3447.79647358672,8570.6579194081,4646.81770437601,153997981381.742,74447975425.0205,9.91755528787802
6151000.000000,220.000000,7,3440.13187690638,8553.52715001276,4640.95833921636,152896091230.822,74095260843.8133,9.91417270220139
6151000.000000,220.000000,8,3440.13187690637,7895.50791634435,4366.8167488354,126987631066.029,65600179274.0095,9.91417270220139
6161000.000000,210.000000,8,3430.92695916377,7913.48880446145,4377.02559486146,127214772263.093,65730910000.1181,9.91078278737934
6171000.000000,200.000000,8,3421.79059234436,7931.45458327389,4387.22687433949,127442168932.992,65861802883.5589,9.90737920343061
6181000.000000,190.000000,8,3412.72203665902,7949.40534803992,4397.42063662446,127669821206.785,65992858012.9084,9.90396236098571
6191000.000000,180.000000,8,3403.72056257955,7967.34119347859,4407.60693079607,127897729215.531,66124075476.7433,9.90053266397853
6201000.000000,170.000000,8,3394.78545066668,7985.26221377161,4417.7858056595,128125893090.29,66255455363.64,9.89709050975654
6211000.000000,160.000000,8,3385.91599140152,8003.16850256512,4427.95730974624,128354312962.122,66386997762.175,9.8936362891891
6221000.000000,150.000000,8,3377.11148502021,8021.06015297153,4438.12149131498,128582988962.086,66518702760.9248,9.89017038677368
6231000.000000,140.000000,8,3368.3712413518,8038.93725757147,4448.27839835247,128811921221.242,66650570448.4661,9.88669318074034
6241000.000000,130.000000,8,3359.69457965925,8056.79990841571,4458.42807857439,129041109870.648,66782600913.3754,9.88320504315425
6251000.000000,120.000000,8,3351.08082848349,8074.64819702715,4468.57057942633,129270555041.366,66914794244.2291,9.87970634001637
6261000.000000,110.000000,8,3342.52932549047,8092.48221440286,4478.70594808472,129500256864.453,67047150529.6038,9.87619743136241
6271000.000000,100.000000,8,3334.03941732119,8110.30205101614,4488.83423145781,129730215470.971,67179669858.076,9.87267867135999
6281000.000000,90.000000,8,3325.61045944451,8128.10779681861,4498.95547618664,129960430991.977,67312352318.2224,9.86915040840405
6291000.000000,80.000000,8,3317.24181601281,8145.89954124236,4509.06972864608,130190903558.532,67445197998.6193,9.86561298521061
6291000.000000,80.000000,9,3317.24181601281,8145.89954124236,4509.06972864608,130190903558.532,67445197998.6193,9.86561298521061
6300266.666667,70.733333,9,3309.54016980989,8162.37413493837,4518.43606673899,130404704379.38,67568447444.4963,9.86232708406887
6309533.333333,61.466667,9,3301.8892847859,8178.83685222246,4527.79647658568,130618726144.929,67691837195.9616,9.8590338706092
6318800.000000,52.200000,9,3294.28867431795,8195.28776307401,4537.15099448085,130832968959.467,67815367323.4988,9.8557336048895
6328066.666667,42.933333,9,3286.73785779463,8211.72693709563,4546.49965652599,131047432927.283,67939037897.5919,9.85242654303531
6337333.333333,33.666667,9,3279.23636052605,8228.1544435146,4555.84249862999,131262118152.667,68062848988.7245,9.8491129372987
6346600.000000,24.400000,9,3271.78371365542,8244.57035118452,4565.17955651004,131477024739.907,68186800667.3805,9.84579303611606
6346600.000000,24.400000,10,2905.44814909753,6793.62150077688,3896.34174309262,75284000000,44109000000,9.84579303611606
6356000.000000,15.000000,10,2895.11060777584,6805.73964967955,3903.29185790445,75284000000,44109000000,9.83952415411241
6356000.000000,15.000000,11,2609.89061643994,5788.99953367307,3193.93077719894,51965333333.3333,26624000000,9.83952415411241
6363500.000000,7.500000,11,2600.25651406493,5799.71390932729,3199.84215687023,51965333333.3333,26624000000,9.83271174464895
6371000.000000,0.000000,11,2590.69988397144,5810.40111801933,3205.73854787273,51965333333.3333,26624000000,9.82588237199687
