layer,radius_r_minus_km,radius_r_plus_km,depth_top_km,depth_bottom_km,density_kg_m3,rigidity_x1e11_Pa,viscosity_x1e21_Pa_s
LT,6281.000,6371.000,0.000,90.000,3192.800,0.596,inf
UM1,6151.000,6281.000,90.000,220.000,3369.058,0.667,0.5
UM2,5971.000,6151.000,220.000,400.000,3475.581,0.764,0.5
TZ1,5701.000,5971.000,400.000,670.000,3857.754,1.064,0.5
LM1,5401.000,5701.000,670.000,970.000,4446.251,1.702,1.5
LM2,5072.933,5401.000,970.000,1298.067,4615.829,1.912,3.2
LM3,4716.800,5072.933,1298.067,1654.200,4813.845,2.124,3.2
LM4,4332.600,4716.800,1654.200,2038.400,4997.859,2.325,3.2
LM5,3920.333,4332.600,2038.400,2450.667,5202.004,2.554,3.2
LM6,3480.000,3920.333,2450.667,2891.000,5408.573,2.794,3.2
Core,0.000,3480.000,2891.000,6371.000,10931.731,0.000,0.0
